"","select.static","select.additive","select.multiplicative","nonselect.static","nonselect.additive","nonselect.multiplicative","selWT.static","selWT.additive","selWT.multiplicative","nonWT.static","nonWT.additive","nonWT.multiplicative"
"1",-2.67802162408415,-0.227339930929004,0.83445389610821,-0.00687989586598602,-1.46519990755675,2.42288246939807,-2.04874009135499,0.0404628070373068,1.08119808824259,-2.04874009135499,0.0404628070373068,1.08119808824259
"2",-2.30759061203825,-0.154049792759548,0.836834877468125,-0.135383355806212,-0.388472593331951,3.5801174495135,-1.35894008302712,0.0406173690495133,1.28629992528533,-1.35894008302712,0.0406173690495133,1.28629992528533
"3",-1.8054589452083,-0.152047326009825,0.898290432782977,-0.714849482023644,-0.0790352566057797,1.01109849229621,-1.78747925331691,0.015456830215581,1.14279312933633,-1.78747925331691,0.015456830215581,1.14279312933633
"4",-1.92079478850688,-0.194601251125946,0.836779790538803,-0.278756829149675,-0.425842350324975,3.83020616829622,-2.64805519952232,0.124273579080339,1.13261025828684,-2.64805519952232,0.124273579080339,1.13261025828684
"5",-1.86178849217362,-0.102693289733607,0.875230039588578,-0.430040185139374,-0.0831833481891542,1.52867008539828,-2.08410061559112,0.00493180467098328,1.06989371312515,-2.08410061559112,0.00493180467098328,1.06989371312515
