"","select.static","select.additive","select.multiplicative","nonselect.static","nonselect.additive","nonselect.multiplicative","selWT.static","selWT.additive","selWT.multiplicative","nonWT.static","nonWT.additive","nonWT.multiplicative"
"1",-1.09790608527481,-0.0900214125100392,0.92094099408187,-0.545941005435483,-0.056080734346834,1.11960887222157,-1.96529761996142,-0.0756791076011589,1.08849132722063,-1.96529761996142,-0.0756791076011589,1.08849132722063
"2",-1.21028297805291,-0.031297733152378,1.063353952606,-1.50929630818136,-0.0596117050340026,0.9829581080983,-2.71601631375526,-0.0452267524138347,1.20254614908145,-2.71601631375526,-0.0452267524138347,1.20254614908145
"3",-1.14336836709803,-0.0236540295967523,0.980272972879125,-2.14201405678764,-0.0789722057974054,1.00747137661823,-1.94358494203964,-0.0952494209605937,1.13797112675653,-1.94358494203964,-0.0952494209605937,1.13797112675653
"4",-1.1908457396166,-0.0502229710577272,0.940139771669747,-2.12879484246466,0.00573293384644841,1.07067188045691,-1.78601634215154,-0.0482067915001492,1.136531193693,-1.78601634215154,-0.0482067915001492,1.136531193693
"5",-1.28537788911561,-0.110938440057811,1.00618569356984,-2.19282226526117,-0.0565200129405415,1.0854841202584,-2.01137879039285,-0.056404309471232,1.16452330026993,-2.01137879039285,-0.056404309471232,1.16452330026993
"6",-1.30403314667907,-0.0079829625536397,1.05141175391768,-1.71915550240576,-0.0420724438150704,1.04285007008984,-2.72119499219811,-0.0627924030611028,1.13405933226164,-2.72119499219811,-0.0627924030611028,1.13405933226164
"7",-1.26815688267724,-0.10328240450333,1.02866999173288,-2.19968157134803,-0.0813843905761078,0.967392266931397,-1.56482752368498,-0.1064178305706,1.07343984255503,-1.56482752368498,-0.1064178305706,1.07343984255503
