"","select.static","select.additive","select.multiplicative","nonselect.static","nonselect.additive","nonselect.multiplicative","selWT.static","selWT.additive","selWT.multiplicative","nonWT.static","nonWT.additive","nonWT.multiplicative"
"1",-1.70043327472141,-0.150765719460112,0.943353357612656,-2.64998213147681,-0.223825692756776,1.01075340029948,-2.08904044517804,-0.0146913078436298,1.12426744959535,-2.08904044517804,-0.0146913078436298,1.12426744959535
"2",-1.66862709493327,-0.206384392393816,0.774984348386016,-2.62177248802265,-0.204494331925833,1.01651312575868,-1.9098404147811,-0.0151737583307928,1.17233374505733,-1.9098404147811,-0.0151737583307928,1.17233374505733
"3",-2.05427099374443,-0.0994806037432304,0.894612965577521,-2.02570397443886,-0.163136016636307,0.994936231651137,-2.37532496836784,0.0265739673606271,1.14868240398265,-2.37532496836784,0.0265739673606271,1.14868240398265
