"","select.static","select.additive","select.multiplicative","nonselect.static","nonselect.additive","nonselect.multiplicative","selWT.static","selWT.additive","selWT.multiplicative","nonWT.static","nonWT.additive","nonWT.multiplicative"
"1",-1.94827367351548,-0.145709318216973,1.06061096573902,-0.324081024235672,-0.0111426886056161,1.31177193225014,-1.92707808865464,-0.0278944724054596,1.07358193671092,-1.92707808865464,-0.0278944724054596,1.07358193671092
"2",-1.9116925814352,-0.167033587161255,0.98278351138879,-2.13057656783716,-0.191523343558884,1.0757991197698,-1.98521198946632,-0.0765574873919373,1.11438377432049,-1.98521198946632,-0.0765574873919373,1.11438377432049
"3",-2.51335362962972,-0.18039743532746,1.00967107063218,-2.08851545303441,-0.298528391837166,0.98817830743112,-1.94469999960432,-0.076113939697757,1.13959898120294,-1.94469999960432,-0.076113939697757,1.13959898120294
"4",-2.10744026833693,-0.165748429101929,1.03823790933501,-2.2744736677402,-0.216299503694588,1.04943879980487,-1.26666567280348,-0.566773016178931,4.65003270916974,-1.26666567280348,-0.566773016178931,4.65003270916974
"5",-1.91951390370937,-0.0930943852615657,1.0958853255723,-2.20495426886408,-0.1935497325464,1.06581548373906,-1.25188242879936,-1.67200243216407,12.1082332700017,-1.25188242879936,-1.67200243216407,12.1082332700017
